seating,name,calories,protein,carbs,fat,organic,vegetarian,glutenFree,vegan
Breakfast,Assorted Bagels,310,11,62,3,FALSE,TRUE,FALSE,FALSE
Breakfast,Assorted Donuts,213.77,2.47,23.91,12.17,FALSE,TRUE,FALSE,FALSE
Breakfast,Chocolate Croissant,278.33,5.08,34,14,FALSE,TRUE,FALSE,FALSE
Breakfast,Cinnamon Sweet Potato Muffin,191.01,2.94,21.4,11.01,FALSE,TRUE,FALSE,FALSE
Breakfast,Lemon Yogurt Bread,311.41,5.9,49.99,9.99,FALSE,TRUE,FALSE,FALSE
Breakfast,Orange Cranberry Muffin,183.89,2.98,32.52,4.7,FALSE,FALSE,FALSE,TRUE
Breakfast,Blueberry Muffin,143.49,2.22,26.04,4.12,FALSE,TRUE,TRUE,FALSE
Breakfast,Greek Vanilla Yogurt Parfait,172.73,10.73,30.25,3.2,FALSE,TRUE,FALSE,FALSE
Breakfast,Organic Strawberry Yogurt Parfait,186.34,6.4,35.65,4.01,TRUE,TRUE,FALSE,FALSE
Breakfast,Cheese Omelet,178.87,16.09,1.5,11.36,FALSE,TRUE,TRUE,FALSE
Breakfast,Assorted Veggie Toppings,35.02,2.56,7.05,0.31,FALSE,FALSE,TRUE,TRUE
Breakfast,Bacon,140,8,0,12,FALSE,FALSE,TRUE,FALSE
Breakfast,Sliced Ham,70.87,10.12,1.01,3.04,FALSE,FALSE,TRUE,FALSE
Breakfast,Sliced Turkey,50.62,11.14,1.01,1.01,FALSE,FALSE,TRUE,FALSE
Breakfast,Fried Tater Tots,230.88,2.43,23.08,13.98,FALSE,FALSE,TRUE,TRUE
Breakfast,Scrambled Eggs,122.6,11.54,1.98,7.08,FALSE,TRUE,TRUE,FALSE
Breakfast,Cage Free Hard Boiled Egg,77.5,6.29,0.56,5.3,FALSE,TRUE,TRUE,FALSE
Breakfast,Tofu-Potato Hash,90.93,4.63,9.18,3.98,FALSE,FALSE,TRUE,TRUE
Breakfast,Veggie Sausage Patties,97,12,3,4,FALSE,TRUE,FALSE,FALSE
Breakfast,Bacon,140,8,0,12,FALSE,FALSE,TRUE,FALSE
Breakfast,Pork Sausage Gravy,79.41,2.94,5.79,4.96,FALSE,FALSE,TRUE,FALSE
Breakfast,Biscuits,160,3,18,9,FALSE,TRUE,FALSE,FALSE
Breakfast,Fried Tater Tots,230.88,2.43,23.08,13.98,FALSE,FALSE,TRUE,TRUE
Breakfast,French Toast,161.41,10.02,24.57,2.86,FALSE,FALSE,FALSE,FALSE
Breakfast,Oatmeal,63.96,2.13,11.51,1.28,FALSE,FALSE,FALSE,TRUE
Breakfast,Grits,54.72,1.26,12.21,0.21,FALSE,FALSE,FALSE,TRUE
Breakfast,Cream of Rice,82.48,1.55,18.56,0,FALSE,FALSE,TRUE,TRUE
Breakfast,100% Apple Juice,110,0,28,0,FALSE,FALSE,TRUE,TRUE
Breakfast,100% Cranberry Juice,140,0,36,0,FALSE,FALSE,TRUE,TRUE
Breakfast,100% Orange Juice,120,0,31,0,FALSE,FALSE,TRUE,TRUE
Breakfast,Strawberry Kiwi Juice,120,0,30,0,FALSE,FALSE,TRUE,TRUE
Breakfast,Skim Milk,83.3,8.26,12.15,0.2,FALSE,TRUE,TRUE,FALSE
Breakfast,Reduced Fat Milk,122,8.05,11.71,4.83,FALSE,TRUE,TRUE,FALSE
Breakfast,Whole Milk,148.84,7.69,11.71,7.93,FALSE,TRUE,TRUE,FALSE
Breakfast,Low Fat Chocolate Milk,157.5,8.1,26.1,2.5,FALSE,TRUE,TRUE,FALSE
Breakfast,Chocolate Soymilk,120,5,19,3,FALSE,FALSE,TRUE,TRUE
Breakfast,Vanilla Soymilk,100,6,10,3.5,FALSE,FALSE,TRUE,TRUE
Breakfast,Lactose Free Milk,90,8,12,0,FALSE,TRUE,TRUE,FALSE
Breakfast,Root Beer,100,0,26,0,FALSE,FALSE,TRUE,TRUE
Breakfast,Sierra Mist,100,0,27,0,FALSE,FALSE,TRUE,TRUE
Breakfast,Sunkist Orange,113.33,0,29.33,0,FALSE,TRUE,TRUE,FALSE
Breakfast,Tropicana Fruit Punch,110,0,30,0,FALSE,FALSE,TRUE,TRUE
Breakfast,Tropicana Lemonade,100,0,27,0,FALSE,FALSE,TRUE,TRUE
Breakfast,Pepsi,100,0,28,0,FALSE,FALSE,TRUE,TRUE
Breakfast,Mountain Dew,110,0,29,0,FALSE,FALSE,TRUE,TRUE
Breakfast,Cheerwine,100,0,28,0,FALSE,FALSE,TRUE,TRUE
Breakfast,Diet Dr. Pepper,0,0,0,0,FALSE,FALSE,TRUE,TRUE
Breakfast,Diet Pepsi,0,0,0,0,FALSE,FALSE,TRUE,TRUE
Breakfast,Dr. Pepper,100,0,26.4,0,FALSE,FALSE,TRUE,TRUE
Breakfast,Gatorade Fruit Punch,80,0,21,0,FALSE,FALSE,TRUE,TRUE
Breakfast,Wild Cherry Pepsi,100,0,28,0,FALSE,FALSE,TRUE,TRUE
Breakfast,Apple Jacks,110,1,25,1,FALSE,FALSE,FALSE,TRUE
Breakfast,Cheerios,100,3,20,2,FALSE,FALSE,TRUE,TRUE
Breakfast,Cinnamon Toast Crunch,118.18,0.91,22.73,2.73,FALSE,TRUE,FALSE,FALSE
Breakfast,Froot Loops,110,1,26,1,FALSE,FALSE,FALSE,TRUE
Breakfast,Lucky Charms,110,2,22,1,FALSE,TRUE,FALSE,FALSE
Breakfast,Raisin Bran,190,5,46,1,FALSE,FALSE,FALSE,TRUE
Breakfast,Rice Chex,100,2,23,0,FALSE,FALSE,TRUE,TRUE
Breakfast,Rice Krispies,104,1.6,23.2,0,FALSE,FALSE,FALSE,TRUE
Breakfast,Special K,120,6,23,0.5,FALSE,TRUE,FALSE,FALSE
Breakfast,Ketchup,33,0,4,0,FALSE,FALSE,TRUE,TRUE
Breakfast,Mustard,0,0,1,0,FALSE,FALSE,TRUE,TRUE
Breakfast,Mayonnaise,90,0,0,10,FALSE,TRUE,TRUE,FALSE
Breakfast,Oil and Vinegar,186.05,0.03,1.21,20.98,FALSE,FALSE,TRUE,TRUE
Breakfast,Tabasco Hot Sauce,0,0,0,0,FALSE,FALSE,TRUE,TRUE
Breakfast,A.1. Steak Sauce,15,0,3,0,FALSE,FALSE,TRUE,TRUE
Breakfast,Margarine,100,0,0,11,FALSE,FALSE,TRUE,TRUE
Breakfast,Grape Jelly,35,0,9,0,FALSE,FALSE,TRUE,TRUE
Breakfast,Strawberry Jelly,35,0,9,0,FALSE,FALSE,TRUE,TRUE
Breakfast,Peanut Butter,120,4,5,11,FALSE,FALSE,TRUE,TRUE
Breakfast,All Natural Peanut Butter,122.85,4.97,4.52,10.43,FALSE,FALSE,TRUE,TRUE
Breakfast,Plain Cream Cheese,90,2,2,9,FALSE,TRUE,TRUE,FALSE
Breakfast,Strawberry Cream Cheese,90,1,5,8,FALSE,TRUE,TRUE,FALSE
Breakfast,Chives and Onion Cream Cheese,90,2,2,9,FALSE,TRUE,TRUE,FALSE
Breakfast,Garden Vegetable Cream Cheese,90,1,2,8,FALSE,TRUE,TRUE,FALSE
Lunch,Assorted Brownies,222.91,2.63,28.35,12.22,FALSE,TRUE,FALSE,FALSE
Lunch,Assorted Cookies,164.96,2.02,23.57,7.41,FALSE,TRUE,FALSE,FALSE
Lunch,Rice Krispie Treats,357.47,2.03,46.68,17.82,FALSE,FALSE,FALSE,FALSE
Lunch,Peanut Butter Chocolate Chip Cookies,127.13,2.55,16.04,7.14,FALSE,TRUE,TRUE,FALSE
Lunch,Vegan Snickerdoodle Cookies,106.77,1.23,17.36,3.77,FALSE,FALSE,FALSE,TRUE
Lunch,Strawberry Shortcake Parfaits,270.55,2.44,39.61,11.65,FALSE,TRUE,FALSE,FALSE
Lunch,Turtle Cheesecake,261.12,3.45,21.73,18.63,FALSE,TRUE,FALSE,FALSE
Lunch,Ice Cream Cone,19.84,0,3.97,0,FALSE,FALSE,FALSE,TRUE
Lunch,Assorted Ice Cream,100,3,16,3.25,FALSE,TRUE,TRUE,FALSE
Lunch,Caesar Salad,415.07,7.54,11.66,38.75,FALSE,FALSE,FALSE,FALSE
Lunch,Sauteed Cajun Shrimp,99.94,9.38,0.28,6.69,FALSE,FALSE,TRUE,FALSE
Lunch,King Mac and Cheese,532.04,20.82,28.85,37.24,FALSE,FALSE,FALSE,FALSE
Lunch,Buffalo Chicken Pizza,220.28,14.19,24.68,8.4,FALSE,FALSE,FALSE,FALSE
Lunch,Mushroom Pizza,266.59,12.09,20.82,16.76,FALSE,TRUE,FALSE,FALSE
Lunch,Classic Cheese Pizza,213.13,7.64,19.89,12.5,FALSE,TRUE,FALSE,FALSE
Lunch,Classic Pepperoni Pizza,232.12,8.4,20.01,14.27,FALSE,FALSE,FALSE,FALSE
Lunch,Olive Focaccia,104.56,3.67,18.97,1.6,FALSE,FALSE,FALSE,TRUE
Lunch,Cheese Omelet,178.87,16.09,1.5,11.36,FALSE,TRUE,TRUE,FALSE
Lunch,Assorted Veggie Toppings,35.02,2.56,7.05,0.31,FALSE,FALSE,TRUE,TRUE
Lunch,Bacon,140,8,0,12,FALSE,FALSE,TRUE,FALSE
Lunch,Sliced Ham,70.87,10.12,1.01,3.04,FALSE,FALSE,TRUE,FALSE
Lunch,Sliced Turkey,50.62,11.14,1.01,1.01,FALSE,FALSE,TRUE,FALSE
Lunch,Fried Tater Tots,230.88,2.43,23.08,13.98,FALSE,FALSE,TRUE,TRUE
Lunch,BBQ Sloppy Joe Biscuit,381.21,22.51,32.53,18.29,FALSE,FALSE,FALSE,FALSE
Lunch,Fried Tater Tots,230.88,2.43,23.08,13.98,FALSE,FALSE,TRUE,TRUE
Lunch,French Onion Soup,73.58,1.7,10.19,2.94,FALSE,FALSE,FALSE,FALSE
Lunch,New England Clam Chowder,181.08,9.8,17.01,8.1,FALSE,FALSE,FALSE,FALSE
Lunch,Olive Focaccia,104.56,3.67,18.97,1.6,FALSE,FALSE,FALSE,TRUE
Lunch,Penne,119.12,4.17,25.01,0.6,FALSE,FALSE,FALSE,TRUE
Lunch,Whole Grain Penne,119.12,4.17,24.42,0.89,FALSE,FALSE,FALSE,TRUE
Lunch,Gluten Free Pasta,95,2.5,20,0.75,FALSE,FALSE,TRUE,TRUE
Lunch,Alfredo,142.34,5.58,6.53,10.17,FALSE,TRUE,TRUE,FALSE
Lunch,Bolognese Sauce,73.59,3.69,6.02,4.08,FALSE,FALSE,TRUE,FALSE
Lunch,Marinara,41.43,1.35,6.92,1.29,FALSE,FALSE,TRUE,TRUE
Lunch,Grass Fed Hamburger,450,25,30,24.5,FALSE,FALSE,FALSE,FALSE
Lunch,Grass Fed Cheeseburger,500,27,29,31,FALSE,FALSE,FALSE,FALSE
Lunch,Black Bean Burger,290,10,47,9,FALSE,FALSE,FALSE,TRUE
Lunch,Garden Burger,309.44,10.98,48.92,6.98,FALSE,FALSE,FALSE,TRUE
Lunch,Assorted Sandwich Toppings,98.32,4.4,4.78,7.46,FALSE,FALSE,TRUE,FALSE
Lunch,Grilled Cheese Sandwich,341.25,12,27,22.64,FALSE,TRUE,FALSE,FALSE
Lunch,Sweet Potato Fries,202.96,1.3,28.68,9.78,FALSE,FALSE,TRUE,TRUE
Lunch,Roasted Tri Tip Sirloin,267.47,14.12,0,23.03,FALSE,FALSE,TRUE,FALSE
Lunch,Roasted Potato Wedges,99.03,2.16,17.63,2.35,FALSE,FALSE,TRUE,TRUE
Lunch,Steamed Broccoli,23.81,2.53,4.3,0.3,FALSE,FALSE,TRUE,TRUE
Lunch,Steamed Cauliflower,28.46,2.18,5.67,0.32,FALSE,FALSE,TRUE,TRUE
Lunch,Chipotle Smoked Turkey,141.87,17.47,12.8,2.79,FALSE,FALSE,FALSE,FALSE
Lunch,Cajun Red Skin Potatoes,116.1,2.04,17.17,4.88,FALSE,FALSE,TRUE,TRUE
Lunch,Roasted Fresh Asparagus,26.89,1.84,3.32,1.26,FALSE,FALSE,TRUE,TRUE
Lunch,Roasted Cherry Tomatoes,38.78,0.96,4.22,2.46,FALSE,FALSE,TRUE,TRUE
Lunch,Yeast Roll,100.88,3.53,16.13,2.51,FALSE,TRUE,FALSE,FALSE
Lunch,Tagine Spiced Seitan,204.86,20.92,24.29,3.01,FALSE,FALSE,FALSE,TRUE
Lunch,Roasted Red Potatoes with Olives,98.16,2.03,17.4,2.62,FALSE,FALSE,TRUE,TRUE
Lunch,Sauteed Garlic Broccoli Rabe,61.57,3.97,6.08,2.99,FALSE,FALSE,TRUE,TRUE
Lunch,Sauteed Garlic Spinach,42.88,3.16,4.22,2.24,FALSE,FALSE,TRUE,TRUE
Lunch,100% Apple Juice,110,0,28,0,FALSE,FALSE,TRUE,TRUE
Lunch,100% Cranberry Juice,140,0,36,0,FALSE,FALSE,TRUE,TRUE
Lunch,100% Orange Juice,120,0,31,0,FALSE,FALSE,TRUE,TRUE
Lunch,Strawberry Kiwi Juice,120,0,30,0,FALSE,FALSE,TRUE,TRUE
Lunch,Skim Milk,83.3,8.26,12.15,0.2,FALSE,TRUE,TRUE,FALSE
Lunch,Reduced Fat Milk,122,8.05,11.71,4.83,FALSE,TRUE,TRUE,FALSE
Lunch,Whole Milk,148.84,7.69,11.71,7.93,FALSE,TRUE,TRUE,FALSE
Lunch,Low Fat Chocolate Milk,157.5,8.1,26.1,2.5,FALSE,TRUE,TRUE,FALSE
Lunch,Chocolate Soymilk,120,5,19,3,FALSE,FALSE,TRUE,TRUE
Lunch,Vanilla Soymilk,100,6,10,3.5,FALSE,FALSE,TRUE,TRUE
Lunch,Lactose Free Milk,90,8,12,0,FALSE,TRUE,TRUE,FALSE
Lunch,Root Beer,100,0,26,0,FALSE,FALSE,TRUE,TRUE
Lunch,Sierra Mist,100,0,27,0,FALSE,FALSE,TRUE,TRUE
Lunch,Sunkist Orange,113.33,0,29.33,0,FALSE,TRUE,TRUE,FALSE
Lunch,Tropicana Fruit Punch,110,0,30,0,FALSE,FALSE,TRUE,TRUE
Lunch,Tropicana Lemonade,100,0,27,0,FALSE,FALSE,TRUE,TRUE
Lunch,Pepsi,100,0,28,0,FALSE,FALSE,TRUE,TRUE
Lunch,Mountain Dew,110,0,29,0,FALSE,FALSE,TRUE,TRUE
Lunch,Cheerwine,100,0,28,0,FALSE,FALSE,TRUE,TRUE
Lunch,Diet Dr. Pepper,0,0,0,0,FALSE,FALSE,TRUE,TRUE
Lunch,Diet Pepsi,0,0,0,0,FALSE,FALSE,TRUE,TRUE
Lunch,Dr. Pepper,100,0,26.4,0,FALSE,FALSE,TRUE,TRUE
Lunch,Gatorade Fruit Punch,80,0,21,0,FALSE,FALSE,TRUE,TRUE
Lunch,Wild Cherry Pepsi,100,0,28,0,FALSE,FALSE,TRUE,TRUE
Lunch,Apple Jacks,110,1,25,1,FALSE,FALSE,FALSE,TRUE
Lunch,Cheerios,100,3,20,2,FALSE,FALSE,TRUE,TRUE
Lunch,Cinnamon Toast Crunch,118.18,0.91,22.73,2.73,FALSE,TRUE,FALSE,FALSE
Lunch,Froot Loops,110,1,26,1,FALSE,FALSE,FALSE,TRUE
Lunch,Lucky Charms,110,2,22,1,FALSE,TRUE,FALSE,FALSE
Lunch,Raisin Bran,190,5,46,1,FALSE,FALSE,FALSE,TRUE
Lunch,Rice Chex,100,2,23,0,FALSE,FALSE,TRUE,TRUE
Lunch,Rice Krispies,104,1.6,23.2,0,FALSE,FALSE,FALSE,TRUE
Lunch,Special K,120,6,23,0.5,FALSE,TRUE,FALSE,FALSE
Lunch,Ketchup,33,0,4,0,FALSE,FALSE,TRUE,TRUE
Lunch,Mustard,0,0,1,0,FALSE,FALSE,TRUE,TRUE
Lunch,Mayonnaise,90,0,0,10,FALSE,TRUE,TRUE,FALSE
Lunch,Oil and Vinegar,186.05,0.03,1.21,20.98,FALSE,FALSE,TRUE,TRUE
Lunch,Tabasco Hot Sauce,0,0,0,0,FALSE,FALSE,TRUE,TRUE
Lunch,A.1. Steak Sauce,15,0,3,0,FALSE,FALSE,TRUE,TRUE
Lunch,Margarine,100,0,0,11,FALSE,FALSE,TRUE,TRUE
Lunch,Grape Jelly,35,0,9,0,FALSE,FALSE,TRUE,TRUE
Lunch,Strawberry Jelly,35,0,9,0,FALSE,FALSE,TRUE,TRUE
Lunch,Peanut Butter,120,4,5,11,FALSE,FALSE,TRUE,TRUE
Lunch,All Natural Peanut Butter,122.85,4.97,4.52,10.43,FALSE,FALSE,TRUE,TRUE
Lunch,Plain Cream Cheese,90,2,2,9,FALSE,TRUE,TRUE,FALSE
Lunch,Strawberry Cream Cheese,90,1,5,8,FALSE,TRUE,TRUE,FALSE
Lunch,Chives and Onion Cream Cheese,90,2,2,9,FALSE,TRUE,TRUE,FALSE
Lunch,Garden Vegetable Cream Cheese,90,1,2,8,FALSE,TRUE,TRUE,FALSE
Lunch,Greek Salad Wrap,482.87,12.43,53.1,25.98,FALSE,TRUE,FALSE,FALSE
Lunch,Gluten Free Bread,70,2,11,2,FALSE,TRUE,TRUE,FALSE
Lunch,Honey Wheat Bread,100,4,22,1,FALSE,FALSE,FALSE,TRUE
Lunch,Rye Bread,80,3,15,1,FALSE,FALSE,FALSE,TRUE
Lunch,Wheat Bread,50,4,10,1,FALSE,FALSE,FALSE,TRUE
Lunch,White Bread,60,3,12,0.5,FALSE,TRUE,FALSE,FALSE
Lunch,White Sub Roll,170,6,34,1.5,FALSE,FALSE,FALSE,TRUE
Lunch,White Tortilla,200,5,32,6,FALSE,FALSE,FALSE,TRUE
Lunch,Chicken Salad,143.45,7.14,0.6,12.16,FALSE,FALSE,TRUE,FALSE
Lunch,Sliced Ham,70.87,10.12,1.01,3.04,FALSE,FALSE,TRUE,FALSE
Lunch,Sliced Roast Beef,80,12,1,3,FALSE,FALSE,TRUE,FALSE
Lunch,Sliced Turkey,50.62,11.14,1.01,1.01,FALSE,FALSE,TRUE,FALSE
Lunch,Tuna Salad,161.58,22.31,0.25,8.23,FALSE,FALSE,TRUE,FALSE
Lunch,Cheddar Cheese,110,6,1,9,FALSE,TRUE,TRUE,FALSE
Lunch,Mozzarella Cheese,70,6,1,4.5,FALSE,TRUE,TRUE,FALSE
Lunch,Pepper Jack Cheese,90,5,1,8,FALSE,TRUE,TRUE,FALSE
Lunch,Provolone Cheese,80,6,0,6,FALSE,TRUE,TRUE,FALSE
Lunch,Swiss Cheese,90,6,1,7,FALSE,TRUE,TRUE,FALSE
Lunch,White American Cheese,120,5,2,8,FALSE,TRUE,TRUE,FALSE
Lunch,Yellow American Cheese,94.5,4.72,2.36,8.27,FALSE,TRUE,TRUE,FALSE
Lunch,Banana Peppers,0,0,0,0,FALSE,FALSE,TRUE,TRUE
Lunch,Jalapeno,5.06,0,1.01,0,FALSE,FALSE,TRUE,TRUE
Lunch,Black Olives,32.6,0.24,1.77,3.03,FALSE,FALSE,TRUE,TRUE
Lunch,Green Leaf Lettuce,4.25,0.39,0.81,0.04,FALSE,FALSE,TRUE,TRUE
Lunch,Pickles,3.4,0.17,0.73,0.04,FALSE,FALSE,TRUE,TRUE
Lunch,Sliced Red Onion,11.2,0.31,2.62,0.03,FALSE,FALSE,TRUE,TRUE
Lunch,Sliced Tomatoes,7.2,0.35,1.56,0.08,FALSE,FALSE,TRUE,TRUE
Lunch,Honey Mustard Dressing,130,0,6,11,FALSE,TRUE,TRUE,FALSE
Lunch,Ranch Dressing,140,0,2,15,FALSE,TRUE,TRUE,FALSE
Lunch,Mayonnaise,90,0,0,10,FALSE,TRUE,TRUE,FALSE
Lunch,Oil and Vinegar,186.05,0.03,1.21,20.98,FALSE,FALSE,TRUE,TRUE
Lunch,Spicy Mustard,5,0,1,0,FALSE,FALSE,TRUE,TRUE
Lunch,Yellow Mustard,0,0,1,0,FALSE,FALSE,TRUE,TRUE
Lunch,Apple,125.08,0.57,29.81,0.42,FALSE,FALSE,TRUE,TRUE
Lunch,Apricots,68.26,0.87,17.66,0.11,FALSE,FALSE,TRUE,TRUE
Lunch,Banana,105.02,1.29,26.95,0.39,TRUE,FALSE,TRUE,TRUE
Lunch,Grapes,78.24,0.82,20.53,0.18,FALSE,FALSE,TRUE,TRUE
Lunch,Honeydew Melon,40.82,0.61,10.31,0.16,FALSE,FALSE,TRUE,TRUE
Lunch,Orange,61.57,1.23,15.39,0.16,FALSE,FALSE,TRUE,TRUE
Lunch,Pineapple,56.7,0.61,14.88,0.14,FALSE,FALSE,TRUE,TRUE
Lunch,Strawberries,36.29,0.76,8.71,0.34,FALSE,FALSE,TRUE,TRUE
Lunch,Applesauce,81,0,19.8,0,FALSE,FALSE,TRUE,TRUE
Lunch,Iceberg Lettuce,10,1,2,0,FALSE,FALSE,TRUE,TRUE
Lunch,Mesclun Lettuce,10,1,2,0,FALSE,FALSE,TRUE,TRUE
Lunch,Romaine Lettuce,8,1,2,0,FALSE,FALSE,TRUE,TRUE
Lunch,Spinach,13.33,1.33,2,0,FALSE,FALSE,TRUE,TRUE
Lunch,Bacon Bits,70,6,0,4,FALSE,FALSE,TRUE,FALSE
Lunch,Banana Peppers,0,0,0,0,FALSE,FALSE,TRUE,TRUE
Lunch,Beets,8.79,0.26,2.04,0.04,FALSE,FALSE,TRUE,TRUE
Lunch,Black Beans,21.81,1.31,3.71,0.11,FALSE,FALSE,TRUE,TRUE
Lunch,Black Olives,32.6,0.24,1.77,3.03,FALSE,FALSE,TRUE,TRUE
Lunch,Broccoli,7.94,0.84,1.49,0.1,FALSE,FALSE,TRUE,TRUE
Lunch,Cherry Tomatoes,5.1,0.25,1.1,0.06,FALSE,FALSE,TRUE,TRUE
Lunch,Chickpeas,39.12,2,6.48,0.7,FALSE,FALSE,TRUE,TRUE
Lunch,Chow Mein Noodles,60.75,1.52,10.12,1.77,FALSE,FALSE,FALSE,TRUE
Lunch,Croutons,60.75,2.02,10.12,2.02,FALSE,TRUE,FALSE,FALSE
Lunch,Crunchy Oats and Honey Granola,257.72,4.12,39.17,9.28,FALSE,TRUE,TRUE,FALSE
Lunch,Diced Grilled Chicken,101.99,18.21,0,2.91,FALSE,FALSE,TRUE,FALSE
Lunch,Diced Tofu,57.42,5.74,1.44,2.87,FALSE,FALSE,TRUE,TRUE
Lunch,Dried Cranberries,85.05,0,20.55,0.35,FALSE,FALSE,TRUE,TRUE
Lunch,Green Peppers,5.67,0.24,1.32,0.05,FALSE,FALSE,TRUE,TRUE
Lunch,Hard Boiled Eggs,43.94,3.57,0.32,3.01,FALSE,TRUE,TRUE,FALSE
Lunch,Hummus,110.93,3.06,7.05,8.57,FALSE,FALSE,TRUE,TRUE
Lunch,Kidney Beans,34.3,2.3,5.9,0.26,FALSE,FALSE,TRUE,TRUE
Lunch,Mini Pretzel Twists,113.4,3.24,23.49,0.4,FALSE,FALSE,FALSE,TRUE
Lunch,Peas,22.11,1.46,4.04,0.08,FALSE,FALSE,TRUE,TRUE
Lunch,Pita Wedges,72.38,2.11,12.37,1.51,FALSE,TRUE,FALSE,FALSE
Lunch,Quinoa,68.04,2.49,11.91,1.08,FALSE,FALSE,TRUE,TRUE
Lunch,Raisins,92.14,0.71,21.97,0,FALSE,FALSE,TRUE,TRUE
Lunch,Red Onion,11.34,0.31,2.65,0.03,FALSE,FALSE,FALSE,TRUE
Lunch,Shredded Carrots,11.62,0.26,2.72,0.07,FALSE,FALSE,TRUE,TRUE
Lunch,Sliced Cucumbers,4.25,0.18,1.03,0.03,FALSE,FALSE,TRUE,TRUE
Lunch,Sliced Mushrooms,6.24,0.88,0.92,0.1,FALSE,FALSE,TRUE,TRUE
Lunch,Sunflower Seeds,83.23,2.76,3.44,7.12,FALSE,FALSE,TRUE,TRUE
Lunch,Cantaloupe,42.31,0.85,10.16,0,FALSE,FALSE,TRUE,TRUE
Lunch,Feta Cheese,70.87,4.05,1.01,6.07,FALSE,TRUE,TRUE,FALSE
Lunch,Reduced Fat Cottage Cheese,45.93,5.93,2.7,1.29,FALSE,TRUE,TRUE,FALSE
Lunch,Shredded Cheddar Cheese,111.37,6.07,1.01,10.12,FALSE,TRUE,TRUE,FALSE
Lunch,Lowfat Organic Strawberry Yogurt,86.67,4.67,14,1,TRUE,TRUE,TRUE,FALSE
Lunch,Nonfat Vanilla Greek Yogurt,83.16,9.83,11.34,0,FALSE,TRUE,TRUE,FALSE
Lunch,Balsamic Vinaigrette,56.7,0,3.78,4.72,FALSE,FALSE,TRUE,TRUE
Lunch,Blue Cheese Dressing,141.75,0,0.94,15.12,FALSE,TRUE,TRUE,FALSE
Lunch,Creamy Caesar Dressing,166.19,0.98,0.98,17.6,FALSE,FALSE,TRUE,FALSE
Lunch,Ginger Sesame Dressing,40.52,0.55,4.72,2.38,FALSE,FALSE,FALSE,TRUE
Lunch,Honey Mustard Dressing,130,0,6,11,FALSE,TRUE,TRUE,FALSE
Lunch,Italian Dressing,117.09,0,1.3,12.8,FALSE,FALSE,TRUE,FALSE
Lunch,Lite Italian Dressing,45,0,1,4.5,FALSE,FALSE,TRUE,TRUE
Lunch,Lite Ranch Dressing,80,0,3,7,FALSE,TRUE,TRUE,FALSE
Lunch,Ranch Dressing,140,0,2,15,FALSE,TRUE,TRUE,FALSE
Lunch,Oil and Vinegar,186.05,0.03,1.21,20.98,FALSE,FALSE,TRUE,TRUE
Lunch,Raspberry Vinaigrette,150.67,0.07,3.16,15.92,FALSE,FALSE,TRUE,TRUE
Midday,Assorted Brownies,222.91,2.63,28.35,12.22,FALSE,TRUE,FALSE,FALSE
Midday,Assorted Cookies,164.96,2.02,23.57,7.41,FALSE,TRUE,FALSE,FALSE
Midday,Rice Krispie Treats,357.47,2.03,46.68,17.82,FALSE,FALSE,FALSE,FALSE
Midday,Soft Serve Ice Cream,182.48,3.91,25.42,6.52,FALSE,TRUE,TRUE,FALSE
Midday,Ice Cream Cone,19.84,0,3.97,0,FALSE,FALSE,FALSE,TRUE
Midday,Classic Cheese Pizza,213.13,7.64,19.89,12.5,FALSE,TRUE,FALSE,FALSE
Midday,Classic Pepperoni Pizza,232.12,8.4,20.01,14.27,FALSE,FALSE,FALSE,FALSE
Midday,New England Clam Chowder,181.08,9.8,17.01,8.1,FALSE,FALSE,FALSE,FALSE
Midday,French Onion Soup,67.44,1.35,7.51,3.51,FALSE,FALSE,TRUE,FALSE
Midday,Penne,119.12,4.17,25.01,0.6,FALSE,FALSE,FALSE,TRUE
Midday,Whole Grain Penne,119.12,4.17,24.42,0.89,FALSE,FALSE,FALSE,TRUE
Midday,Gluten Free Pasta,95,2.5,20,0.75,FALSE,FALSE,TRUE,TRUE
Midday,Alfredo,142.34,5.58,6.53,10.17,FALSE,TRUE,TRUE,FALSE
Midday,Bolognese Sauce,73.59,3.69,6.02,4.08,FALSE,FALSE,TRUE,FALSE
Midday,Marinara,41.43,1.35,6.92,1.29,FALSE,FALSE,TRUE,TRUE
Midday,100% Apple Juice,110,0,28,0,FALSE,FALSE,TRUE,TRUE
Midday,100% Cranberry Juice,140,0,36,0,FALSE,FALSE,TRUE,TRUE
Midday,100% Orange Juice,120,0,31,0,FALSE,FALSE,TRUE,TRUE
Midday,Strawberry Kiwi Juice,120,0,30,0,FALSE,FALSE,TRUE,TRUE
Midday,Skim Milk,83.3,8.26,12.15,0.2,FALSE,TRUE,TRUE,FALSE
Midday,Reduced Fat Milk,122,8.05,11.71,4.83,FALSE,TRUE,TRUE,FALSE
Midday,Whole Milk,148.84,7.69,11.71,7.93,FALSE,TRUE,TRUE,FALSE
Midday,Low Fat Chocolate Milk,157.5,8.1,26.1,2.5,FALSE,TRUE,TRUE,FALSE
Midday,Chocolate Soymilk,120,5,19,3,FALSE,FALSE,TRUE,TRUE
Midday,Vanilla Soymilk,100,6,10,3.5,FALSE,FALSE,TRUE,TRUE
Midday,Lactose Free Milk,90,8,12,0,FALSE,TRUE,TRUE,FALSE
Midday,Root Beer,100,0,26,0,FALSE,FALSE,TRUE,TRUE
Midday,Sierra Mist,100,0,27,0,FALSE,FALSE,TRUE,TRUE
Midday,Sunkist Orange,113.33,0,29.33,0,FALSE,TRUE,TRUE,FALSE
Midday,Tropicana Fruit Punch,110,0,30,0,FALSE,FALSE,TRUE,TRUE
Midday,Tropicana Lemonade,100,0,27,0,FALSE,FALSE,TRUE,TRUE
Midday,Pepsi,100,0,28,0,FALSE,FALSE,TRUE,TRUE
Midday,Mountain Dew,110,0,29,0,FALSE,FALSE,TRUE,TRUE
Midday,Cheerwine,100,0,28,0,FALSE,FALSE,TRUE,TRUE
Midday,Diet Dr. Pepper,0,0,0,0,FALSE,FALSE,TRUE,TRUE
Midday,Diet Pepsi,0,0,0,0,FALSE,FALSE,TRUE,TRUE
Midday,Dr. Pepper,100,0,26.4,0,FALSE,FALSE,TRUE,TRUE
Midday,Gatorade Fruit Punch,80,0,21,0,FALSE,FALSE,TRUE,TRUE
Midday,Wild Cherry Pepsi,100,0,28,0,FALSE,FALSE,TRUE,TRUE
Midday,Apple Jacks,110,1,25,1,FALSE,FALSE,FALSE,TRUE
Midday,Cheerios,100,3,20,2,FALSE,FALSE,TRUE,TRUE
Midday,Cinnamon Toast Crunch,118.18,0.91,22.73,2.73,FALSE,TRUE,FALSE,FALSE
Midday,Froot Loops,110,1,26,1,FALSE,FALSE,FALSE,TRUE
Midday,Lucky Charms,110,2,22,1,FALSE,TRUE,FALSE,FALSE
Midday,Raisin Bran,190,5,46,1,FALSE,FALSE,FALSE,TRUE
Midday,Rice Chex,100,2,23,0,FALSE,FALSE,TRUE,TRUE
Midday,Rice Krispies,104,1.6,23.2,0,FALSE,FALSE,FALSE,TRUE
Midday,Special K,120,6,23,0.5,FALSE,TRUE,FALSE,FALSE
Midday,Ketchup,33,0,4,0,FALSE,FALSE,TRUE,TRUE
Midday,Mustard,0,0,1,0,FALSE,FALSE,TRUE,TRUE
Midday,Mayonnaise,90,0,0,10,FALSE,TRUE,TRUE,FALSE
Midday,Oil and Vinegar,186.05,0.03,1.21,20.98,FALSE,FALSE,TRUE,TRUE
Midday,Tabasco Hot Sauce,0,0,0,0,FALSE,FALSE,TRUE,TRUE
Midday,A.1. Steak Sauce,15,0,3,0,FALSE,FALSE,TRUE,TRUE
Midday,Margarine,100,0,0,11,FALSE,FALSE,TRUE,TRUE
Midday,Grape Jelly,35,0,9,0,FALSE,FALSE,TRUE,TRUE
Midday,Strawberry Jelly,35,0,9,0,FALSE,FALSE,TRUE,TRUE
Midday,Peanut Butter,120,4,5,11,FALSE,FALSE,TRUE,TRUE
Midday,All Natural Peanut Butter,122.85,4.97,4.52,10.43,FALSE,FALSE,TRUE,TRUE
Midday,Plain Cream Cheese,90,2,2,9,FALSE,TRUE,TRUE,FALSE
Midday,Strawberry Cream Cheese,90,1,5,8,FALSE,TRUE,TRUE,FALSE
Midday,Chives and Onion Cream Cheese,90,2,2,9,FALSE,TRUE,TRUE,FALSE
Midday,Garden Vegetable Cream Cheese,90,1,2,8,FALSE,TRUE,TRUE,FALSE
Midday,Greek Salad Wrap,482.87,12.43,53.1,25.98,FALSE,TRUE,FALSE,FALSE
Midday,Gluten Free Bread,70,2,11,2,FALSE,TRUE,TRUE,FALSE
Midday,Honey Wheat Bread,100,4,22,1,FALSE,FALSE,FALSE,TRUE
Midday,Rye Bread,80,3,15,1,FALSE,FALSE,FALSE,TRUE
Midday,Wheat Bread,50,4,10,1,FALSE,FALSE,FALSE,TRUE
Midday,White Bread,60,3,12,0.5,FALSE,TRUE,FALSE,FALSE
Midday,White Sub Roll,170,6,34,1.5,FALSE,FALSE,FALSE,TRUE
Midday,White Tortilla,200,5,32,6,FALSE,FALSE,FALSE,TRUE
Midday,Chicken Salad,143.45,7.14,0.6,12.16,FALSE,FALSE,TRUE,FALSE
Midday,Sliced Ham,70.87,10.12,1.01,3.04,FALSE,FALSE,TRUE,FALSE
Midday,Sliced Roast Beef,80,12,1,3,FALSE,FALSE,TRUE,FALSE
Midday,Sliced Turkey,50.62,11.14,1.01,1.01,FALSE,FALSE,TRUE,FALSE
Midday,Tuna Salad,161.58,22.31,0.25,8.23,FALSE,FALSE,TRUE,FALSE
Midday,Cheddar Cheese,110,6,1,9,FALSE,TRUE,TRUE,FALSE
Midday,Mozzarella Cheese,70,6,1,4.5,FALSE,TRUE,TRUE,FALSE
Midday,Pepper Jack Cheese,90,5,1,8,FALSE,TRUE,TRUE,FALSE
Midday,Provolone Cheese,80,6,0,6,FALSE,TRUE,TRUE,FALSE
Midday,Swiss Cheese,90,6,1,7,FALSE,TRUE,TRUE,FALSE
Midday,White American Cheese,120,5,2,8,FALSE,TRUE,TRUE,FALSE
Midday,Yellow American Cheese,94.5,4.72,2.36,8.27,FALSE,TRUE,TRUE,FALSE
Midday,Banana Peppers,0,0,0,0,FALSE,FALSE,TRUE,TRUE
Midday,Jalapeno,5.06,0,1.01,0,FALSE,FALSE,TRUE,TRUE
Midday,Black Olives,32.6,0.24,1.77,3.03,FALSE,FALSE,TRUE,TRUE
Midday,Green Leaf Lettuce,4.25,0.39,0.81,0.04,FALSE,FALSE,TRUE,TRUE
Midday,Pickles,3.4,0.17,0.73,0.04,FALSE,FALSE,TRUE,TRUE
Midday,Sliced Red Onion,11.2,0.31,2.62,0.03,FALSE,FALSE,TRUE,TRUE
Midday,Sliced Tomatoes,7.2,0.35,1.56,0.08,FALSE,FALSE,TRUE,TRUE
Midday,Honey Mustard Dressing,130,0,6,11,FALSE,TRUE,TRUE,FALSE
Midday,Ranch Dressing,140,0,2,15,FALSE,TRUE,TRUE,FALSE
Midday,Mayonnaise,90,0,0,10,FALSE,TRUE,TRUE,FALSE
Midday,Oil and Vinegar,186.05,0.03,1.21,20.98,FALSE,FALSE,TRUE,TRUE
Midday,Spicy Mustard,5,0,1,0,FALSE,FALSE,TRUE,TRUE
Midday,Yellow Mustard,0,0,1,0,FALSE,FALSE,TRUE,TRUE
Midday,Apple,125.08,0.57,29.81,0.42,FALSE,FALSE,TRUE,TRUE
Midday,Apricots,68.26,0.87,17.66,0.11,FALSE,FALSE,TRUE,TRUE
Midday,Banana,105.02,1.29,26.95,0.39,TRUE,FALSE,TRUE,TRUE
Midday,Grapes,78.24,0.82,20.53,0.18,FALSE,FALSE,TRUE,TRUE
Midday,Honeydew Melon,40.82,0.61,10.31,0.16,FALSE,FALSE,TRUE,TRUE
Midday,Orange,61.57,1.23,15.39,0.16,FALSE,FALSE,TRUE,TRUE
Midday,Pineapple,56.7,0.61,14.88,0.14,FALSE,FALSE,TRUE,TRUE
Midday,Strawberries,36.29,0.76,8.71,0.34,FALSE,FALSE,TRUE,TRUE
Midday,Applesauce,81,0,19.8,0,FALSE,FALSE,TRUE,TRUE
Midday,Iceberg Lettuce,10,1,2,0,FALSE,FALSE,TRUE,TRUE
Midday,Mesclun Lettuce,10,1,2,0,FALSE,FALSE,TRUE,TRUE
Midday,Romaine Lettuce,8,1,2,0,FALSE,FALSE,TRUE,TRUE
Midday,Spinach,13.33,1.33,2,0,FALSE,FALSE,TRUE,TRUE
Midday,Bacon Bits,70,6,0,4,FALSE,FALSE,TRUE,FALSE
Midday,Banana Peppers,0,0,0,0,FALSE,FALSE,TRUE,TRUE
Midday,Beets,8.79,0.26,2.04,0.04,FALSE,FALSE,TRUE,TRUE
Midday,Black Beans,21.81,1.31,3.71,0.11,FALSE,FALSE,TRUE,TRUE
Midday,Black Olives,32.6,0.24,1.77,3.03,FALSE,FALSE,TRUE,TRUE
Midday,Broccoli,7.94,0.84,1.49,0.1,FALSE,FALSE,TRUE,TRUE
Midday,Cherry Tomatoes,5.1,0.25,1.1,0.06,FALSE,FALSE,TRUE,TRUE
Midday,Chickpeas,39.12,2,6.48,0.7,FALSE,FALSE,TRUE,TRUE
Midday,Chow Mein Noodles,60.75,1.52,10.12,1.77,FALSE,FALSE,FALSE,TRUE
Midday,Croutons,60.75,2.02,10.12,2.02,FALSE,TRUE,FALSE,FALSE
Midday,Crunchy Oats and Honey Granola,257.72,4.12,39.17,9.28,FALSE,TRUE,TRUE,FALSE
Midday,Diced Grilled Chicken,101.99,18.21,0,2.91,FALSE,FALSE,TRUE,FALSE
Midday,Diced Tofu,57.42,5.74,1.44,2.87,FALSE,FALSE,TRUE,TRUE
Midday,Dried Cranberries,85.05,0,20.55,0.35,FALSE,FALSE,TRUE,TRUE
Midday,Green Peppers,5.67,0.24,1.32,0.05,FALSE,FALSE,TRUE,TRUE
Midday,Hard Boiled Eggs,43.94,3.57,0.32,3.01,FALSE,TRUE,TRUE,FALSE
Midday,Hummus,110.93,3.06,7.05,8.57,FALSE,FALSE,TRUE,TRUE
Midday,Kidney Beans,34.3,2.3,5.9,0.26,FALSE,FALSE,TRUE,TRUE
Midday,Mini Pretzel Twists,113.4,3.24,23.49,0.4,FALSE,FALSE,FALSE,TRUE
Midday,Peas,22.11,1.46,4.04,0.08,FALSE,FALSE,TRUE,TRUE
Midday,Pita Wedges,72.38,2.11,12.37,1.51,FALSE,TRUE,FALSE,FALSE
Midday,Quinoa,68.04,2.49,11.91,1.08,FALSE,FALSE,TRUE,TRUE
Midday,Raisins,92.14,0.71,21.97,0,FALSE,FALSE,TRUE,TRUE
Midday,Red Onion,11.34,0.31,2.65,0.03,FALSE,FALSE,FALSE,TRUE
Midday,Shredded Carrots,11.62,0.26,2.72,0.07,FALSE,FALSE,TRUE,TRUE
Midday,Sliced Cucumbers,4.25,0.18,1.03,0.03,FALSE,FALSE,TRUE,TRUE
Midday,Sliced Mushrooms,6.24,0.88,0.92,0.1,FALSE,FALSE,TRUE,TRUE
Midday,Sunflower Seeds,83.23,2.76,3.44,7.12,FALSE,FALSE,TRUE,TRUE
Midday,Cantaloupe,42.31,0.85,10.16,0,FALSE,FALSE,TRUE,TRUE
Midday,Feta Cheese,70.87,4.05,1.01,6.07,FALSE,TRUE,TRUE,FALSE
Midday,Reduced Fat Cottage Cheese,45.93,5.93,2.7,1.29,FALSE,TRUE,TRUE,FALSE
Midday,Shredded Cheddar Cheese,111.37,6.07,1.01,10.12,FALSE,TRUE,TRUE,FALSE
Midday,Lowfat Organic Strawberry Yogurt,86.67,4.67,14,1,TRUE,TRUE,TRUE,FALSE
Midday,Nonfat Vanilla Greek Yogurt,83.16,9.83,11.34,0,FALSE,TRUE,TRUE,FALSE
Midday,Balsamic Vinaigrette,56.7,0,3.78,4.72,FALSE,FALSE,TRUE,TRUE
Midday,Blue Cheese Dressing,141.75,0,0.94,15.12,FALSE,TRUE,TRUE,FALSE
Midday,Creamy Caesar Dressing,166.19,0.98,0.98,17.6,FALSE,FALSE,TRUE,FALSE
Midday,Ginger Sesame Dressing,40.52,0.55,4.72,2.38,FALSE,FALSE,FALSE,TRUE
Midday,Honey Mustard Dressing,130,0,6,11,FALSE,TRUE,TRUE,FALSE
Midday,Italian Dressing,117.09,0,1.3,12.8,FALSE,FALSE,TRUE,FALSE
Midday,Lite Italian Dressing,45,0,1,4.5,FALSE,FALSE,TRUE,TRUE
Midday,Lite Ranch Dressing,80,0,3,7,FALSE,TRUE,TRUE,FALSE
Midday,Ranch Dressing,140,0,2,15,FALSE,TRUE,TRUE,FALSE
Midday,Oil and Vinegar,186.05,0.03,1.21,20.98,FALSE,FALSE,TRUE,TRUE
Midday,Raspberry Vinaigrette,150.67,0.07,3.16,15.92,FALSE,FALSE,TRUE,TRUE
Dinner,Assorted Brownies,222.91,2.63,28.35,12.22,FALSE,TRUE,FALSE,FALSE
Dinner,Assorted Cookies,164.96,2.02,23.57,7.41,FALSE,TRUE,FALSE,FALSE
Dinner,Rice Krispie Treats,357.47,2.03,46.68,17.82,FALSE,FALSE,FALSE,FALSE
Dinner,Peanut Butter Chocolate Chip Cookies,127.13,2.55,16.04,7.14,FALSE,TRUE,TRUE,FALSE
Dinner,Vegan Snickerdoodle Cookies,106.77,1.23,17.36,3.77,FALSE,FALSE,FALSE,TRUE
Dinner,Strawberry Shortcake Parfaits,270.55,2.44,39.61,11.65,FALSE,TRUE,FALSE,FALSE
Dinner,Turtle Cheesecake,261.12,3.45,21.73,18.63,FALSE,TRUE,FALSE,FALSE
Dinner,Ice Cream Cone,19.84,0,3.97,0,FALSE,FALSE,FALSE,TRUE
Dinner,Assorted Ice Cream,100,3,16,3.25,FALSE,TRUE,TRUE,FALSE
Dinner,Caesar Salad,415.07,7.54,11.66,38.75,FALSE,FALSE,FALSE,FALSE
Dinner,Sauteed Cajun Shrimp,99.94,9.38,0.28,6.69,FALSE,FALSE,TRUE,FALSE
Dinner,Sausage Lasagna,374.27,19.93,30.98,18.07,FALSE,FALSE,FALSE,FALSE
Dinner,Buffalo Chicken Pizza,220.28,14.19,24.68,8.4,FALSE,FALSE,FALSE,FALSE
Dinner,Mushroom Pizza,266.59,12.09,20.82,16.76,FALSE,TRUE,FALSE,FALSE
Dinner,Classic Cheese Pizza,213.13,7.64,19.89,12.5,FALSE,TRUE,FALSE,FALSE
Dinner,Classic Pepperoni Pizza,232.12,8.4,20.01,14.27,FALSE,FALSE,FALSE,FALSE
Dinner,Olive Focaccia,104.56,3.67,18.97,1.6,FALSE,FALSE,FALSE,TRUE
Dinner,Loaded Turkey Nachos,360.56,14.87,47.51,13.09,FALSE,FALSE,TRUE,FALSE
Dinner,Cajun Pork Saute,438.69,18.6,50.1,21.01,FALSE,FALSE,TRUE,FALSE
Dinner,French Onion Soup,73.58,1.7,10.19,2.94,FALSE,FALSE,FALSE,FALSE
Dinner,New England Clam Chowder,181.08,9.8,17.01,8.1,FALSE,FALSE,FALSE,FALSE
Dinner,Olive Focaccia,104.56,3.67,18.97,1.6,FALSE,FALSE,FALSE,TRUE
Dinner,Penne,119.12,4.17,25.01,0.6,FALSE,FALSE,FALSE,TRUE
Dinner,Whole Grain Penne,119.12,4.17,24.42,0.89,FALSE,FALSE,FALSE,TRUE
Dinner,Gluten Free Pasta,95,2.5,20,0.75,FALSE,FALSE,TRUE,TRUE
Dinner,Alfredo,142.34,5.58,6.53,10.17,FALSE,TRUE,TRUE,FALSE
Dinner,Bolognese Sauce,73.59,3.69,6.02,4.08,FALSE,FALSE,TRUE,FALSE
Dinner,Marinara,41.43,1.35,6.92,1.29,FALSE,FALSE,TRUE,TRUE
Dinner,Grass Fed Hamburger,458.98,26.93,30,24.42,FALSE,FALSE,FALSE,FALSE
Dinner,Grass Fed Cheeseburger,540,31,32,31.5,FALSE,FALSE,FALSE,FALSE
Dinner,Black Bean Burger,290,10,47,9,FALSE,FALSE,FALSE,TRUE
Dinner,Garden Burger,309.44,10.98,48.92,6.98,FALSE,FALSE,FALSE,TRUE
Dinner,Assorted Sandwich Toppings,98.32,4.4,4.78,7.46,FALSE,FALSE,TRUE,FALSE
Dinner,Grilled Cheese Sandwich,341.25,12,27,22.64,FALSE,TRUE,FALSE,FALSE
Dinner,Crispy Sweet Potato Fries,201.77,1.95,24.41,10.85,FALSE,FALSE,TRUE,TRUE
Dinner,Baked Rotisserie Chicken,261.08,17.08,0,21.32,FALSE,FALSE,TRUE,FALSE
Dinner,Roasted Sweet Potato,109,1.77,22.52,1.55,FALSE,FALSE,TRUE,TRUE
Dinner,Steamed Corn,53.16,1.77,9.75,0,FALSE,FALSE,TRUE,TRUE
Dinner,Roasted Brussels Sprouts,64.96,3.51,9.33,1.16,FALSE,FALSE,TRUE,TRUE
Dinner,Chipotle Smoked Turkey,141.87,17.47,12.8,2.79,FALSE,FALSE,FALSE,FALSE
Dinner,Creamy Mashed Potatoes,130.65,2.21,20.67,4.52,FALSE,TRUE,TRUE,FALSE
Dinner,Roasted Cherry Tomatoes,38.78,0.96,4.22,2.46,FALSE,FALSE,TRUE,TRUE
Dinner,Roasted Fresh Asparagus,26.89,1.84,3.32,1.26,FALSE,FALSE,TRUE,TRUE
Dinner,Honey Wheat Dinner Roll,90,3,18,1,FALSE,TRUE,FALSE,FALSE
Dinner,Caribbean Seitan and Sweet Potato Stew,56.14,5.04,6.92,1,FALSE,FALSE,FALSE,TRUE
Dinner,Chili Roasted Mango  Plantains  and Pineapples,248.23,1.88,38.09,9.7,FALSE,FALSE,TRUE,TRUE
Dinner,Lentil Dal,153.19,7.09,19.76,5.28,FALSE,FALSE,TRUE,TRUE
Dinner,Steamed Broccoli,23.81,2.53,4.3,0.3,FALSE,FALSE,TRUE,TRUE
Dinner,100% Apple Juice,110,0,28,0,FALSE,FALSE,TRUE,TRUE
Dinner,100% Cranberry Juice,140,0,36,0,FALSE,FALSE,TRUE,TRUE
Dinner,100% Orange Juice,120,0,31,0,FALSE,FALSE,TRUE,TRUE
Dinner,Strawberry Kiwi Juice,120,0,30,0,FALSE,FALSE,TRUE,TRUE
Dinner,Skim Milk,83.3,8.26,12.15,0.2,FALSE,TRUE,TRUE,FALSE
Dinner,Reduced Fat Milk,122,8.05,11.71,4.83,FALSE,TRUE,TRUE,FALSE
Dinner,Whole Milk,148.84,7.69,11.71,7.93,FALSE,TRUE,TRUE,FALSE
Dinner,Low Fat Chocolate Milk,157.5,8.1,26.1,2.5,FALSE,TRUE,TRUE,FALSE
Dinner,Chocolate Soymilk,120,5,19,3,FALSE,FALSE,TRUE,TRUE
Dinner,Vanilla Soymilk,100,6,10,3.5,FALSE,FALSE,TRUE,TRUE
Dinner,Lactose Free Milk,90,8,12,0,FALSE,TRUE,TRUE,FALSE
Dinner,Root Beer,100,0,26,0,FALSE,FALSE,TRUE,TRUE
Dinner,Sierra Mist,100,0,27,0,FALSE,FALSE,TRUE,TRUE
Dinner,Sunkist Orange,113.33,0,29.33,0,FALSE,TRUE,TRUE,FALSE
Dinner,Tropicana Fruit Punch,110,0,30,0,FALSE,FALSE,TRUE,TRUE
Dinner,Tropicana Lemonade,100,0,27,0,FALSE,FALSE,TRUE,TRUE
Dinner,Pepsi,100,0,28,0,FALSE,FALSE,TRUE,TRUE
Dinner,Mountain Dew,110,0,29,0,FALSE,FALSE,TRUE,TRUE
Dinner,Cheerwine,100,0,28,0,FALSE,FALSE,TRUE,TRUE
Dinner,Diet Dr. Pepper,0,0,0,0,FALSE,FALSE,TRUE,TRUE
Dinner,Diet Pepsi,0,0,0,0,FALSE,FALSE,TRUE,TRUE
Dinner,Dr. Pepper,100,0,26.4,0,FALSE,FALSE,TRUE,TRUE
Dinner,Gatorade Fruit Punch,80,0,21,0,FALSE,FALSE,TRUE,TRUE
Dinner,Wild Cherry Pepsi,100,0,28,0,FALSE,FALSE,TRUE,TRUE
Dinner,Apple Jacks,110,1,25,1,FALSE,FALSE,FALSE,TRUE
Dinner,Cheerios,100,3,20,2,FALSE,FALSE,TRUE,TRUE
Dinner,Cinnamon Toast Crunch,118.18,0.91,22.73,2.73,FALSE,TRUE,FALSE,FALSE
Dinner,Froot Loops,110,1,26,1,FALSE,FALSE,FALSE,TRUE
Dinner,Lucky Charms,110,2,22,1,FALSE,TRUE,FALSE,FALSE
Dinner,Raisin Bran,190,5,46,1,FALSE,FALSE,FALSE,TRUE
Dinner,Rice Chex,100,2,23,0,FALSE,FALSE,TRUE,TRUE
Dinner,Rice Krispies,104,1.6,23.2,0,FALSE,FALSE,FALSE,TRUE
Dinner,Special K,120,6,23,0.5,FALSE,TRUE,FALSE,FALSE
Dinner,Ketchup,33,0,4,0,FALSE,FALSE,TRUE,TRUE
Dinner,Mustard,0,0,1,0,FALSE,FALSE,TRUE,TRUE
Dinner,Mayonnaise,90,0,0,10,FALSE,TRUE,TRUE,FALSE
Dinner,Oil and Vinegar,186.05,0.03,1.21,20.98,FALSE,FALSE,TRUE,TRUE
Dinner,Tabasco Hot Sauce,0,0,0,0,FALSE,FALSE,TRUE,TRUE
Dinner,A.1. Steak Sauce,15,0,3,0,FALSE,FALSE,TRUE,TRUE
Dinner,Margarine,100,0,0,11,FALSE,FALSE,TRUE,TRUE
Dinner,Grape Jelly,35,0,9,0,FALSE,FALSE,TRUE,TRUE
Dinner,Strawberry Jelly,35,0,9,0,FALSE,FALSE,TRUE,TRUE
Dinner,Peanut Butter,120,4,5,11,FALSE,FALSE,TRUE,TRUE
Dinner,All Natural Peanut Butter,122.85,4.97,4.52,10.43,FALSE,FALSE,TRUE,TRUE
Dinner,Plain Cream Cheese,90,2,2,9,FALSE,TRUE,TRUE,FALSE
Dinner,Strawberry Cream Cheese,90,1,5,8,FALSE,TRUE,TRUE,FALSE
Dinner,Chives and Onion Cream Cheese,90,2,2,9,FALSE,TRUE,TRUE,FALSE
Dinner,Garden Vegetable Cream Cheese,90,1,2,8,FALSE,TRUE,TRUE,FALSE
Dinner,Greek Salad Wrap,482.87,12.43,53.1,25.98,FALSE,TRUE,FALSE,FALSE
Dinner,Gluten Free Bread,70,2,11,2,FALSE,TRUE,TRUE,FALSE
Dinner,Honey Wheat Bread,100,4,22,1,FALSE,FALSE,FALSE,TRUE
Dinner,White Tortilla,200,5,32,6,FALSE,FALSE,FALSE,TRUE
Dinner,White Sub Roll,170,6,34,1.5,FALSE,FALSE,FALSE,TRUE
Dinner,White Bread,60,3,12,0.5,FALSE,TRUE,FALSE,FALSE
Dinner,Rye Bread,80,3,15,1,FALSE,FALSE,FALSE,TRUE
Dinner,Wheat Bread,50,4,10,1,FALSE,FALSE,FALSE,TRUE
Dinner,Chicken Salad,143.45,7.14,0.6,12.16,FALSE,FALSE,TRUE,FALSE
Dinner,Tuna Salad,161.58,22.31,0.25,8.23,FALSE,FALSE,TRUE,FALSE
Dinner,Sliced Turkey,50.62,11.14,1.01,1.01,FALSE,FALSE,TRUE,FALSE
Dinner,Sliced Ham,70.87,10.12,1.01,3.04,FALSE,FALSE,TRUE,FALSE
Dinner,Swiss Cheese,90,6,1,7,FALSE,TRUE,TRUE,FALSE
Dinner,Sliced Roast Beef,80,12,1,3,FALSE,FALSE,TRUE,FALSE
Dinner,White American Cheese,120,5,2,8,FALSE,TRUE,TRUE,FALSE
Dinner,Provolone Cheese,80,6,0,6,FALSE,TRUE,TRUE,FALSE
Dinner,Yellow American Cheese,94.5,4.72,2.36,8.27,FALSE,TRUE,TRUE,FALSE
Dinner,Cheddar Cheese,110,6,1,9,FALSE,TRUE,TRUE,FALSE
Dinner,Pepper Jack Cheese,90,5,1,8,FALSE,TRUE,TRUE,FALSE
Dinner,Mozzarella Cheese,70,6,1,4.5,FALSE,TRUE,TRUE,FALSE
Dinner,Banana Peppers,0,0,0,0,FALSE,FALSE,TRUE,TRUE
Dinner,Green Leaf Lettuce,4.25,0.39,0.81,0.04,FALSE,FALSE,TRUE,TRUE
Dinner,Black Olives,32.6,0.24,1.77,3.03,FALSE,FALSE,TRUE,TRUE
Dinner,Sliced Red Onion,11.2,0.31,2.62,0.03,FALSE,FALSE,TRUE,TRUE
Dinner,Pickles,3.4,0.17,0.73,0.04,FALSE,FALSE,TRUE,TRUE
Dinner,Sliced Tomatoes,7.2,0.35,1.56,0.08,FALSE,FALSE,TRUE,TRUE
Dinner,Jalapeno,5.06,0,1.01,0,FALSE,FALSE,TRUE,TRUE
Dinner,Honey Mustard Dressing,130,0,6,11,FALSE,TRUE,TRUE,FALSE
Dinner,Mayonnaise,90,0,0,10,FALSE,TRUE,TRUE,FALSE
Dinner,Oil and Vinegar,186.05,0.03,1.21,20.98,FALSE,FALSE,TRUE,TRUE
Dinner,Spicy Mustard,5,0,1,0,FALSE,FALSE,TRUE,TRUE
Dinner,Yellow Mustard,0,0,1,0,FALSE,FALSE,TRUE,TRUE
Dinner,Ranch Dressing,140,0,2,15,FALSE,TRUE,TRUE,FALSE
Dinner,Apple,125.08,0.57,29.81,0.42,FALSE,FALSE,TRUE,TRUE
Dinner,Apricots,68.26,0.87,17.66,0.11,FALSE,FALSE,TRUE,TRUE
Dinner,Banana,105.02,1.29,26.95,0.39,TRUE,FALSE,TRUE,TRUE
Dinner,Grapes,78.24,0.82,20.53,0.18,FALSE,FALSE,TRUE,TRUE
Dinner,Honeydew Melon,40.82,0.61,10.31,0.16,FALSE,FALSE,TRUE,TRUE
Dinner,Orange,61.57,1.23,15.39,0.16,FALSE,FALSE,TRUE,TRUE
Dinner,Pineapple,56.7,0.61,14.88,0.14,FALSE,FALSE,TRUE,TRUE
Dinner,Strawberries,36.29,0.76,8.71,0.34,FALSE,FALSE,TRUE,TRUE
Dinner,Applesauce,81,0,19.8,0,FALSE,FALSE,TRUE,TRUE
Dinner,Iceberg Lettuce,10,1,2,0,FALSE,FALSE,TRUE,TRUE
Dinner,Mesclun Lettuce,10,1,2,0,FALSE,FALSE,TRUE,TRUE
Dinner,Romaine Lettuce,8,1,2,0,FALSE,FALSE,TRUE,TRUE
Dinner,Spinach,13.33,1.33,2,0,FALSE,FALSE,TRUE,TRUE
Dinner,Bacon Bits,70,6,0,4,FALSE,FALSE,TRUE,FALSE
Dinner,Banana Peppers,0,0,0,0,FALSE,FALSE,TRUE,TRUE
Dinner,Beets,8.79,0.26,2.04,0.04,FALSE,FALSE,TRUE,TRUE
Dinner,Black Beans,21.81,1.31,3.71,0.11,FALSE,FALSE,TRUE,TRUE
Dinner,Black Olives,32.6,0.24,1.77,3.03,FALSE,FALSE,TRUE,TRUE
Dinner,Broccoli,7.94,0.84,1.49,0.1,FALSE,FALSE,TRUE,TRUE
Dinner,Cherry Tomatoes,5.1,0.25,1.1,0.06,FALSE,FALSE,TRUE,TRUE
Dinner,Chickpeas,39.12,2,6.48,0.7,FALSE,FALSE,TRUE,TRUE
Dinner,Chow Mein Noodles,60.75,1.52,10.12,1.77,FALSE,FALSE,FALSE,TRUE
Dinner,Croutons,60.75,2.02,10.12,2.02,FALSE,TRUE,FALSE,FALSE
Dinner,Crunchy Oats and Honey Granola,257.72,4.12,39.17,9.28,FALSE,TRUE,TRUE,FALSE
Dinner,Diced Grilled Chicken,101.99,18.21,0,2.91,FALSE,FALSE,TRUE,FALSE
Dinner,Diced Tofu,57.42,5.74,1.44,2.87,FALSE,FALSE,TRUE,TRUE
Dinner,Dried Cranberries,85.05,0,20.55,0.35,FALSE,FALSE,TRUE,TRUE
Dinner,Green Peppers,5.67,0.24,1.32,0.05,FALSE,FALSE,TRUE,TRUE
Dinner,Hard Boiled Eggs,43.94,3.57,0.32,3.01,FALSE,TRUE,TRUE,FALSE
Dinner,Hummus,110.93,3.06,7.05,8.57,FALSE,FALSE,TRUE,TRUE
Dinner,Kidney Beans,34.3,2.3,5.9,0.26,FALSE,FALSE,TRUE,TRUE
Dinner,Mini Pretzel Twists,113.4,3.24,23.49,0.4,FALSE,FALSE,FALSE,TRUE
Dinner,Peas,22.11,1.46,4.04,0.08,FALSE,FALSE,TRUE,TRUE
Dinner,Pita Wedges,72.38,2.11,12.37,1.51,FALSE,TRUE,FALSE,FALSE
Dinner,Quinoa,68.04,2.49,11.91,1.08,FALSE,FALSE,TRUE,TRUE
Dinner,Raisins,92.14,0.71,21.97,0,FALSE,FALSE,TRUE,TRUE
Dinner,Red Onion,11.34,0.31,2.65,0.03,FALSE,FALSE,FALSE,TRUE
Dinner,Shredded Carrots,11.62,0.26,2.72,0.07,FALSE,FALSE,TRUE,TRUE
Dinner,Sliced Cucumbers,4.25,0.18,1.03,0.03,FALSE,FALSE,TRUE,TRUE
Dinner,Sliced Mushrooms,6.24,0.88,0.92,0.1,FALSE,FALSE,TRUE,TRUE
Dinner,Sunflower Seeds,83.23,2.76,3.44,7.12,FALSE,FALSE,TRUE,TRUE
Dinner,Cantaloupe,42.31,0.85,10.16,0,FALSE,FALSE,TRUE,TRUE
Dinner,Feta Cheese,70.87,4.05,1.01,6.07,FALSE,TRUE,TRUE,FALSE
Dinner,Reduced Fat Cottage Cheese,45.93,5.93,2.7,1.29,FALSE,TRUE,TRUE,FALSE
Dinner,Shredded Cheddar Cheese,111.37,6.07,1.01,10.12,FALSE,TRUE,TRUE,FALSE
Dinner,Lowfat Organic Strawberry Yogurt,86.67,4.67,14,1,TRUE,TRUE,TRUE,FALSE
Dinner,Nonfat Vanilla Greek Yogurt,83.16,9.83,11.34,0,FALSE,TRUE,TRUE,FALSE
Dinner,Balsamic Vinaigrette,56.7,0,3.78,4.72,FALSE,FALSE,TRUE,TRUE
Dinner,Blue Cheese Dressing,141.75,0,0.94,15.12,FALSE,TRUE,TRUE,FALSE
Dinner,Creamy Caesar Dressing,166.19,0.98,0.98,17.6,FALSE,FALSE,TRUE,FALSE
Dinner,Ginger Sesame Dressing,40.52,0.55,4.72,2.38,FALSE,FALSE,FALSE,TRUE
Dinner,Honey Mustard Dressing,130,0,6,11,FALSE,TRUE,TRUE,FALSE
Dinner,Italian Dressing,117.09,0,1.3,12.8,FALSE,FALSE,TRUE,FALSE
Dinner,Lite Italian Dressing,45,0,1,4.5,FALSE,FALSE,TRUE,TRUE
Dinner,Lite Ranch Dressing,80,0,3,7,FALSE,TRUE,TRUE,FALSE
Dinner,Ranch Dressing,140,0,2,15,FALSE,TRUE,TRUE,FALSE
Dinner,Oil and Vinegar,186.05,0.03,1.21,20.98,FALSE,FALSE,TRUE,TRUE
Dinner,Raspberry Vinaigrette,150.67,0.07,3.16,15.92,FALSE,FALSE,TRUE,TRUE
